timestamp,weekday,activity_type,taken_action,memories
2024-08-05 00:00:00,Monday,sleep,Sleeping,
2024-08-05 01:00:00,Monday,sleep,Sleeping,
2024-08-05 02:00:00,Monday,sleep,Sleeping,
2024-08-05 03:00:00,Monday,sleep,Sleeping,
2024-08-05 04:00:00,Monday,sleep,Sleeping,
2024-08-05 05:00:00,Monday,sleep,Sleeping,
2024-08-05 06:00:00,Monday,sleep,Sleeping,
2024-08-05 07:00:00,Monday,sleep,Sleeping,
2024-08-05 08:00:00,Monday,recreation,"I'm planning to:

* Meditate for 20 minutes
* Take a short break to make a cup of coffee
* Read a chapter from a book I've been meaning to finish
* Possibly take a 15-minute walk around the block to get some fresh air.","Based on the context, a relevant and salient memory to answer the question ""What activities can you do in the morning?"" would be:

""You could start the day with some introspection, just like I do. Reflecting on your thoughts and feelings can help clear your mind and set a positive tone for the rest of the day. It's a great way to get centered before diving into work or other responsibilities.""

This memory is relevant because it connects to the given context that the person practices introspection, which suggests they might start their morning with some form of reflective activity."
2024-08-05 09:00:00,Monday,transit,"I'm planning to:

* Practice mindfulness during transit
* Take a short break to write some notes in my journal
* Listen to calming music on my phone for 10 minutes
* Try to recall and reflect on a happy memory from my childhood.","Based on the context, the most salient and relevant memory is that Roman has a strong sense of self-awareness. Given this, activities that are similar to the ones mentioned (meditating, taking a break, reading, and walking) would be reflective or introspective in nature.

Considering this, activities that agent can do include:

* Practicing mindfulness
* Reflecting on their thoughts and feelings
* Writing in a journal
* Doing some quiet time for self-reflection"
2024-08-05 10:00:00,Monday,professional,"For the next hour:

* Check work emails and respond to any urgent ones
* Review notes from a recent meeting for an article I'm working on
* Make some phone calls to sources for a story deadline later this week","Based on the context provided, the most salient and relevant memory that helps answer the question is:

""Has a personal life.""

From this, we can infer that Roman has experiences and habits outside of work or professional activities. Given this information, activities similar to ""I'm planning to..."" (which are relaxation and self-reflection techniques) are likely something Roman would also enjoy doing in their personal life.

So, the answer is:

Roman might enjoy practicing introspection during his daily routine, taking a short break to write some notes in his journal, or listening to calming music on his phone for 10 minutes."
2024-08-05 11:00:00,Monday,professional,"For the next hour:

* Make phone calls to contacts for a project I'm working on.
* Take a short break and grab a snack from the office kitchen.
* Update my to-do list with tasks for the week ahead.","Based on the context, the most relevant memory to answer the question is:

""Roman built a network of contacts in the industry while being involved in the student newspaper.""

This implies that Roman has experience with gathering information and making connections, which could be similar activities to ""checking work emails"", ""reviewing notes from a recent meeting"", or ""making some phone calls to sources"". 

Therefore, agent can also:

* Respond to urgent emails or messages from their network
* Review notes or updates from meetings for a project or article they are working on
* Make phone calls or schedule meetings with contacts in their industry"
2024-08-05 12:00:00,Monday,professional,"I plan to:

* Review articles for publication.
* Discuss article drafts with colleagues via email.
* Plan the next issue's contents by updating a shared document.","Based on the context, a salient memory is that Roman has a personal life. However, there is no explicit connection between this fact and making phone calls or taking breaks.

A more relevant memory is that the job was at Vedomosti, but again, it doesn't provide any direct clues about what activities Roman can do.

The most relevant information in the context is that Roman's job title is associate editor. This implies that he likely spends his work hours doing editorial tasks such as writing, editing, or managing content.

With this in mind, a similar activity to making phone calls, taking breaks, and updating a to-do list might be:

* Reviewing articles for publication.
* Discussing article drafts with colleagues.
* Planning the next issue's contents."
2024-08-05 13:00:00,Monday,professional,"I plan to:

* Read through draft articles for publication.
* Meet a colleague for a discussion on content ideas via phone call.
* Update a shared document with possible article topics.","Based on the context, the most salient and relevant memory is that Roman has experience in reviewing articles for publication as an associate editor.

Therefore, similar activities that agent can do are:

* Reviewing drafts of written content (e.g. blog posts, articles) for publication
* Discussing article or content ideas with colleagues via email or chat
* Planning the next issue's contents by updating a shared document or calendar

These activities align with Roman's role as an associate editor and demonstrate his ability to perform tasks similar to those described in the question."
2024-08-05 14:00:00,Monday,professional,"For the next hour, I plan to:

* Review and edit articles for publication.
* Coordinate with writers via instant messaging.
* Continue reading through draft articles for publication (as a break from editing).","Based on the context, Roman's job title is associate editor and he was involved in student newspaper activities. Considering this information, here are some similar activities that Roman (or an agent) could do:

* Read through draft articles for publication.
* Meet a colleague for a discussion on content ideas via phone call.
* Update a shared document with possible article topics.
* Review and edit articles for publication.
* Research and suggest new story ideas to the editorial team.
* Coordinate with writers to ensure timely submissions.

These activities are similar in nature to Roman's current job responsibilities as an associate editor, and align with his experience in working on student newspaper projects."
2024-08-05 15:00:00,Monday,professional,"I plan to:

* Take a short walk around the office building's outdoor space.
* Catch up on news by listening to an online radio station.
* Browse through social media feeds related to journalism.","Based on the context, the most relevant memory to answer this question is:

""Roman honed his writing skills through being involved in the student newspaper.""

This memory suggests that Roman has experience with reviewing and editing articles for publication, as well as coordinating with writers. Therefore, he can likely:

* Review and edit articles for publication.
* Coordinate with writers via instant messaging.

The answer would be:

He can review and edit articles for publication, and coordinate with writers via instant messaging."
2024-08-05 16:00:00,Monday,professional,"Here are my plans for the next hour:

* Research and gather information for an article
* Browse through industry-specific online forums
* Work on updating a company's social media content calendar","Based on the context, a relevant and salient memory from Roman's experience would be:

""Roman honed his writing skills through being involved in the student newspaper.""

This memory is particularly relevant because it suggests that Roman has experience with written content, journalism, and potentially even online media (since he was involved in a student newspaper). This memory could inform an answer to the question about activities similar to those listed, such as:

* Writing for a company blog or newsletter
* Creating content for social media feeds related to his area of expertise
* Participating in industry-specific podcasts or online radio shows

Therefore, an answer to the question could be: ""Roman could write articles for our company's blog, create engaging content for our social media channels, or even host a podcast discussing industry trends."""
2024-08-05 17:00:00,Monday,professional,"I plan to:

* Review a manuscript for potential publication in our company's journal
* Make phone calls to industry professionals for an interview opportunity
* Take a walk outside (in transit) to clear my head before diving back into work.","Based on the context, I would identify the most salient and relevant memory as Roman's experience with the student newspaper.

The reason is that this experience is likely to have given Roman skills in research, gathering information, and writing (which is hinted at by his involvement in an article), which are similar activities mentioned in the question."
2024-08-05 18:00:00,Monday,transit,"For the next hour:

* Listen to an audiobook during transit
* Make phone calls to industry professionals to follow up on leads
* Compose a text message to a friend about meeting up later this week","Based on the context, the most salient and relevant memory is that Roman ""built a network of contacts in the industry"" while working with the student newspaper.

With this memory in mind, a possible activity similar to the ones mentioned could be:

* Make phone calls to industry professionals to follow up on leads from his established network."
2024-08-05 19:00:00,Monday,recreation,"I plan to:

* Watch a funny video on my phone
* Take a short walk around the block outside my apartment
* Read some humorous articles online from my favorite website.","Based on the context, the most relevant and salient memory is that Roman listens to others often. This suggests that he values communication and interaction with others.

Therefore, similar activities that agent could do are:

* Make phone calls to industry professionals to follow up on leads (already mentioned in the question)
* Respond to messages or comments from friends or colleagues about their personal projects or interests
* Attend a networking event or meeting to connect with people in his industry

These activities would be consistent with Roman's listening and communication style, as described in the context."
2024-08-05 20:00:00,Monday,sleep,Sleeping,
2024-08-05 21:00:00,Monday,sleep,Sleeping,
2024-08-05 22:00:00,Monday,sleep,Sleeping,
2024-08-05 23:00:00,Monday,sleep,Sleeping,
2024-08-06 00:00:00,Tuesday,sleep,Sleeping,
2024-08-06 01:00:00,Tuesday,sleep,Sleeping,
2024-08-06 02:00:00,Tuesday,sleep,Sleeping,
2024-08-06 03:00:00,Tuesday,sleep,Sleeping,
2024-08-06 04:00:00,Tuesday,sleep,Sleeping,
2024-08-06 05:00:00,Tuesday,sleep,Sleeping,
2024-08-06 06:00:00,Tuesday,sleep,Sleeping,
2024-08-06 07:00:00,Tuesday,sleep,Sleeping,
2024-08-06 08:00:00,Tuesday,recreation,"For the next hour, I plan to:

* Take a short walk around the block to get some fresh air.
* Grab a cup of coffee from the kitchen.
* Quickly check my phone for any important messages or notifications.
* Head back inside and spend about 30 minutes browsing through an online bookstore to look at new releases in literature.","Based on the given context, one relevant memory that comes to mind is:

""Mother is a journalist""

This information suggests that the person's mother values and likely practices introspection as well, given the nature of journalism work. However, there's no direct connection between this fact and morning activities.

Instead, I'll consider the context more broadly. Since they practice introspection, it implies that they might take time for personal reflection or self-reflection in the morning. Given their job was at Vedomosti (a Russian newspaper) in Moscow, a possible morning activity could be:

""Waking up early to write down thoughts, ideas, or goals for the day before heading out to work"""
2024-08-06 09:00:00,Tuesday,recreation,"For the next hour, I plan to:

* Practice some simple drawing techniques using a sketchbook and pencils.
* Take a short break to stretch my legs.
* Watch a 10-minute YouTube video on photography composition.
* Listen to a 30-minute podcast on science fiction literature.","Given the context, it seems that Roman enjoys introspection and self-awareness. Considering the question, we're looking for activities similar to the ones mentioned.

A relevant memory from this context would be Roman's love for literature, which suggests a reflective and contemplative nature. With this in mind, an activity that Roman might do is:

* Reading or browsing through a bookshop: This activity aligns with Roman's passion for literature, allowing him to engage in introspection and self-reflection while exploring new ideas and perspectives."
2024-08-06 10:00:00,Tuesday,transit,"I'm currently on a train ride. For the next hour, I plan to:

* Listen to music
* Take a power nap
* Write some short story ideas in my journal
* Scroll through social media feed","Based on the context, I've identified that Roman enjoys introspection and has developed passions for language and literature. Considering this information, here are some activities similar to what's listed:

Considering Roman enjoys practicing simple drawing techniques, taking a short break, watching YouTube videos, and listening to podcasts, it's likely he also engages in other creative and relaxing activities.

Some possible activities similar to the ones listed might include:

* Writing poetry or journal entries
* Reading a chapter from a favorite book or article on a topic of interest
* Practicing mindfulness or meditation to aid in introspection"
2024-08-06 11:00:00,Tuesday,professional,"I will review my notes for an article I'm working on at the train station. Then, I'll take a short break and scroll through industry news on my phone. After that, I'll make some calls to confirm interviews for the same article. Finally, I'll organize my notes and materials before getting off the train.","Based on the context that Roman practices introspection and has personal interests in literature and language, a relevant memory or activity for him to consider might be:

""He recalls writing poetry as a way to process his emotions during a transformative period of his life. He remembers finding solace in the creative expression and how it helped him better understand himself."""
2024-08-06 12:00:00,Tuesday,professional,"I plan to:
- Check my schedule for any upcoming deadlines or meetings.
- Respond to some urgent emails related to an article I'm working on.
- Take a short walk around the office to refresh myself.","A nice specific scenario!

To find the most salient and relevant memory from 'context' to answer the question, let's identify the key aspects of Roman's activities:

* Being involved in a student newspaper
* Building a network of contacts in the industry
* Working as an associate editor (which likely involves editing articles, making calls to confirm interviews, etc.)

Given these context clues, we can infer that Roman is likely involved in activities related to journalism and publishing.

Considering the question about what activities are similar to ""reviewing notes for an article"", ""scrolling through industry news"", ""making calls to confirm interviews"", and ""organizing notes and materials"", the most salient and relevant memory from 'context' would be:

Roman can review articles, scroll through industry news, make calls to confirm interviews, organize notes and materials, and likely engage in other tasks related to his role as an associate editor.

Answer:
 Roman can review articles, scroll through industry news, make calls to confirm interviews, organize notes and materials, and likely engage in other tasks related to his role as an associate editor."
2024-08-06 13:00:00,Tuesday,professional,"I plan to:
- Attend a meeting.
- Organize my work files.
- Take a short walk around the office.","Based on the context that Roman has a personal life, practices introspection, and is an associate editor involved in a student newspaper, the most salient and relevant memory from this context would be:

* Taking a short walk around the office to refresh himself.

This activity is similar to checking one's schedule for deadlines or meetings, responding to emails, and taking a break. Therefore, based on Roman's context, activities that agent can do are:

* Check their schedule for any upcoming deadlines or meetings.
* Take a short break (e.g., go for a walk) to refresh themselves.
* Respond to some urgent messages or emails related to work."
2024-08-06 14:00:00,Tuesday,professional,"For the next hour, I plan to:
- Attend a conference call.
- Review and prioritize tasks for the team.
- Take a short break to refresh my mind before tackling a complex project.","Based on Roman's characteristics and experiences provided in the context, I would infer that he values organization and efficiency.

Considering the question about activities similar to ""I plan to: - Attend a meeting. - Organize my work files. - Take a short walk around the office."", the most salient and relevant memory from the context is:

""Roman built a network of contacts in the industry while being involved in the student newspaper.""

This suggests that Roman has experience with organization, planning, and time management (as implied by his involvement in a student newspaper), which can be applied to similar activities. Therefore, agent could also engage in activities such as:
- Planning a conference call.
- Organizing a team's tasks and responsibilities.
- Taking a break to refresh their mind before tackling a complex project.

These activities are similar in nature to the ones Roman might have done while being involved in the student newspaper, making them relevant and salient given the context."
2024-08-06 15:00:00,Tuesday,professional,"My plan for the next hour is:

* Conduct a meeting/discussion with team members to align priorities and receive feedback.
* Use this opportunity to provide guidance and insights to colleagues on complex project tasks.
* Take notes during the discussion for future reference.","Based on the context, the most relevant memory is that Roman listens to others often. This implies that he values communication and feedback from others.

Considering this, a suitable activity for Roman would be:

* Attend a conference call.
* Discuss or review tasks with team members to ensure everyone's priorities are aligned.
* Give feedback or listen to colleagues' ideas to refresh his mind before tackling a complex project.

So, the answer could be:
""Attend a meeting/discussion with team members to align priorities and receive feedback."""
2024-08-06 16:00:00,Tuesday,professional,"I plan to:

* Conduct an interview with a colleague from a different department.
* Review industry news articles and take notes on relevant information.
* Attend a meeting remotely via video conference.","Based on the context, I would infer that Roman is likely a student leader or team member. Given his practice of introspection and involvement in the student newspaper, he may be involved in some kind of group project or leadership role.

Considering the question about activities similar to the one described, it seems like we're looking for tasks that involve collaboration, discussion, and possibly decision-making with a team.

A relevant memory from ""context"" is: Roman built a network of contacts in the industry while being involved in the student newspaper.

With this information in mind, an answer to the question could be:

Similar activities that Roman can do include:
* Facilitating a brainstorming session with peers to generate ideas for a project or event.
* Holding a feedback session with team members on their performance and progress toward goals.
* Leading a discussion group on industry trends or best practices."
2024-08-06 17:00:00,Tuesday,professional,"For the next hour, I plan to:

* Conduct an interview with a colleague from a different department.
* Take a break from reviewing industry news articles.
* Work on writing up notes from a previous meeting.","Based on the context, it seems that Roman has experience in conducting interviews, reviewing industry news, and attending meetings (as part of his job as an associate editor). Therefore, similar activities that he could do include:

* Conducting interviews with industry professionals or experts.
* Reviewing and analyzing industry reports and news articles.
* Attending conferences, trade shows, or networking events to stay up-to-date on industry trends."
2024-08-06 18:00:00,Tuesday,transit,"* Listen to music on my phone during transit.
* Take a short walk outside to get some fresh air once I reach my destination.
* Call my wife Anna to catch up with her about the day's events.","Based on the context that Roman practices introspection and has a job title of associate editor, a relevant memory to answer the question would be:

""Roman remembers conducting interviews with colleagues as part of his work in student journalism. He recalls how it helped him gather insights and perspectives from different departments, which he then used for writing articles and editing content.""

This memory is salient because it shows Roman's experience with interviewing colleagues, which is similar to the activities mentioned in the question (conducting an interview, reviewing news articles, and working on notes)."
2024-08-06 19:00:00,Tuesday,social,"* Meet a colleague for coffee at the office break room
* Take a short walk outside during transit to get some fresh air
* Discuss a topic of interest with a friend over lunch in the cafeteria
* Engage in a conversation with a neighbor about their day's events while waiting for my phone to charge","A clever question!

Given that Roman practices introspection and has a personal life, and considering the context provided, the most salient and relevant memory to answer the question is:

""Roman listens to others often.""

This implies that Roman values communication and connection with others, which can be related to activities similar to calling his wife Anna. Therefore, an activity similar to the ones listed could be:

* Engage in a conversation with a colleague or friend about their day's events.
* Discuss a topic of interest with someone over coffee or lunch.

This answer is relevant because it reflects Roman's tendency to listen and engage with others, which is similar to calling his wife Anna."
2024-08-06 20:00:00,Tuesday,social,"For the next hour:

* Call a friend who lives nearby
* Look at old photographs
* Take a break from work by doing something creative 
* Practice a new language skill (listening) using an app","Based on the context, I will focus on Roman's tendency to practice introspection and listen to others often. 

From this memory, a relevant activity that the agent (Roman) can do is:

* Engage in a conversation with a friend over lunch in the cafeteria
* Discuss a topic of interest with a neighbor about their day's events while waiting for my phone to charge

These activities are similar to those listed and allow Roman to engage in social interactions and listen to others."
2024-08-06 21:00:00,Tuesday,social,"I plan to:
* Listen to a podcast on a new language skill (not the same app as before)
* Write some short poetry to practice my creative writing skills
* Take a short walk around the block to get some fresh air and stretch my legs
* Try out a new recipe in the kitchen using ingredients I already have at home","Based on the context, a relevant and salient memory that answers the question is:

* Looking at old photographs.

This activity is similar to ""Looking at old photographs"" in the question and is likely something Roman enjoys doing. Given that Roman developed a passion for language, they may also enjoy activities like looking through photographs from past times and places that hold linguistic or cultural significance."
2024-08-06 22:00:00,Tuesday,social,"For the next hour, I plan to:

* Listen to a podcast on language learning
* Read a chapter from a book I'm currently reading
* Practice some creative writing by writing a short story
* Chat with my wife over video call","Based on the context, the most salient and relevant memory is that Roman ""developed a passion for language"" and also honed his writing skills through being involved in the student newspaper.

Considering the question about activities similar to the ones mentioned, a fitting activity agent can do would be:

* Writing some short poetry to practice creative writing skills (as Roman did with the student newspaper)
* Learning or practicing a new language skill (since Roman developed a passion for language)

The other activities, such as taking a short walk around the block and trying out a new recipe in the kitchen, don't seem directly related to Roman's passions or experiences."
2024-08-06 23:00:00,Tuesday,sleep,Sleeping,
2024-08-07 00:00:00,Wednesday,sleep,Sleeping,
2024-08-07 01:00:00,Wednesday,sleep,Sleeping,
2024-08-07 02:00:00,Wednesday,sleep,Sleeping,
2024-08-07 03:00:00,Wednesday,sleep,Sleeping,
2024-08-07 04:00:00,Wednesday,sleep,Sleeping,
2024-08-07 05:00:00,Wednesday,sleep,Sleeping,
2024-08-07 06:00:00,Wednesday,sleep,Sleeping,
2024-08-07 07:00:00,Wednesday,sleep,Sleeping,
2024-08-07 08:00:00,Wednesday,recreation,"Here are my plans for the next hour:

1. Have a breakfast at home.
2. Spend some time reading (I have a book from university days to finish).
3. Do a short morning walk around the block.","Based on the provided context, I would infer that the individual practices introspection. However, there's no direct information about their daily routine or activities they perform in the morning.

Given this, it might be challenging to pinpoint a specific activity the person does in the morning without making assumptions. The most relevant information from the context is the job at Vedomosti and living in Moscow, Russia, but these details don't directly relate to morning activities."
2024-08-07 09:00:00,Wednesday,recreation,"Here are my plans for the next hour:

1. Have a cup of coffee in peace at home.
2. Take some time to meditate and practice mindfulness.
3. Write in a journal to reflect on yesterday's events.","The most salient and relevant memory from ""context"" is that Roman practices introspection, has a strong sense of self-awareness, and has a personal life.

With this context in mind, an activity similar to the one described would likely involve some form of reflection or quiet time for oneself. Here are a few possibilities:

* Have a cup of coffee/tea in peace
* Take some time to meditate or practice mindfulness
* Write in a journal or reflect on the previous day's events
* Plan out the next day or week, thinking about goals and priorities"
2024-08-07 10:00:00,Wednesday,transit,"My plan for the next hour is to take a short walk outside while I'm on my way to work. 

I will also listen to music while walking.","Based on Roman's context, I would recommend the following memory as most salient and relevant:

Roman struggles with anxiety, but he also practices introspection and has a strong sense of self-awareness. Given this information, one of his activities could be similar to writing in a journal to reflect on yesterday's events, as mentioned in the original statement.

Considering Roman's anxiety struggles, an activity that is similar yet potentially more specific would be:

""Have a cup of coffee in peace at home."" This might seem unrelated at first glance, but given Roman's anxiety struggles, it implies that he values having some quiet time to himself, which could help him manage his anxiety. 

A suitable answer based on this context and memory would be: 
""Take some time to relax and have a cup of coffee in peace at home.""

Note: This answer is not explicitly mentioned among the original options but can be inferred from Roman's context and struggles with anxiety."
2024-08-07 11:00:00,Wednesday,professional,"I will start working on an article for ""Vedomosti"" journal. 

I will also respond to some pending emails.","Based on the context, I would say that Roman's most salient and relevant memory related to the question is:

""Roman has a personal life.""

This suggests that Roman might have activities or routines outside of work or other tasks that he enjoys doing in his free time. A possible activity similar to ""taking a short walk outside while listening to music"" could be:

""I plan to meet up with friends at a park for a picnic and casual conversation this weekend."""
2024-08-07 12:00:00,Wednesday,professional,"For the next hour, I plan to:

* Attend a press conference at the newspaper's office
* Conduct an interview with a source for a news story
* Brainstorm ideas for articles with colleagues in the editorial department","Based on the context that Roman got a job as an associate editor at Vedomosti, a Russian newspaper, and considering the activities mentioned (""starting working on an article for ""Vedomosti"" journal"" and responding to pending emails), here are some similar activities that Roman can do:

* Writing a news story or analysis piece for publication
* Conducting research for an upcoming article or investigative report
* Editing another colleague's draft article or copy
* Attending press conferences or interviews with newsmakers
* Interviewing sources or experts for quotes and information
* Brainstorming ideas for articles or features with colleagues
* Proofreading and fact-checking published content
* Managing social media accounts to promote the newspaper's coverage"
2024-08-07 13:00:00,Wednesday,professional,"For the next hour, I plan to:

* Review news articles for publication
* Update my to-do list for the day
* Take a short walk outside (I'll be walking to the coffee machine)","Based on the context, the most salient and relevant memory is that Roman ""honed his writing skills through being involved in the student newspaper."" 

Agent can:

* Attend a press conference at the newspaper's office (Roman has likely attended similar events as an associate editor)
* Conduct an interview with a source for a news story (Roman may have done this while honing his writing skills or as part of his job as associate editor)
* Brainstorm ideas for articles with colleagues in the editorial department (Roman has likely done this as a writer and/or editor)"
2024-08-07 14:00:00,Wednesday,professional,"For the next hour, I plan to:

* Attend a meeting with colleagues from our department
* Make phone calls to update my contact list
* Take a short break by going for a walk outside (to grab a coffee)","Based on the context, a relevant memory from Roman's experience is that he built a network of contacts in the industry while being involved in the student newspaper.

A similar activity to Roman's experiences might be:

* Reviewing news articles for publication (as mentioned in the question), but also potentially:
* Networking and building relationships with colleagues and peers (e.g., updating contact lists or attending industry events)
* Reflecting on and planning his day (e.g., updating a to-do list, similar to Roman's introspective nature)

So, based on this context, activities that are similar to Roman's experiences might include reviewing news articles, networking, and reflecting on one's schedule."
2024-08-07 15:00:00,Wednesday,professional,"Here are my plans for the next hour:

* Attend a meeting with colleagues from our department (in-building)
* Review and update some documents on my computer (at work)
* Make phone calls to interview sources for an article (from work)","Based on the context that Roman ""practices introspection"" and has a strong sense of self-awareness, I would say that the most relevant memory from this context is:

* Taking a short break by going for a walk outside (to grab a coffee)

This activity allows Roman to take a step back, relax, and perhaps even engage in some introspection or self-reflection during his brief walk. This would be a similar type of ""self-care"" or ""me-time"" that is conducive to introspection.

So, the answer would be: Taking a short break by going for a walk outside (to grab a coffee)."
2024-08-07 16:00:00,Wednesday,professional,"For the next hour, I plan to:

* Review some documents on my computer (at work)
* Make a phone call to discuss an article idea with a colleague (from work)","Based on the context, the most salient and relevant memory is that Roman built a network of contacts in the industry while being involved in the student newspaper.

Given this information, one activity that Roman can do is ""Attend a meeting with colleagues from our department (in-building)"" since he has experience working in an industry-related setting and likely has professional connections through his job title as associate editor at Vedomosti."
2024-08-07 17:00:00,Wednesday,professional,"For the next hour, I plan to:

* Attend a meeting with colleagues in our office break room (to discuss article ideas)
* Read and respond to emails related to ongoing projects
* Make notes on recent news events relevant to my work as associate editor.","Based on the context, a relevant memory from Roman's experiences would be:

""Reviewing documents and making phone calls to discuss articles for the student newspaper""

This activity is similar to ""reviewing documents on my computer (at work) * Make a phone call to discuss an article idea with a colleague (from work)""

Since Roman built a network of contacts in the industry while being involved in the student newspaper, and he is now working as associate editor at Vedomosti, it's likely that his activities would involve reviewing documents and making phone calls to discuss articles, which are similar to the activities described in the question."
2024-08-07 18:00:00,Wednesday,professional,"Here's my plan for the next hour:

* Make a phone call to a contact in the industry.
* Review and analyze some published articles from last week.
* Take a short walk around the office building.","Based on the context, Roman's job title is associate editor, and he has a network of contacts in the industry. Therefore, activities similar to what he described are:

* Attending meetings with colleagues to discuss article ideas (this is likely part of his role as associate editor)
* Reading and responding to emails related to ongoing projects (as an associate editor, Roman would need to stay on top of various projects and communicate with team members)
* Making notes on recent news events relevant to his work as associate editor (Roman's job title suggests he's involved in publishing articles or content, so staying up-to-date on news events is likely an important part of his role)

These activities are similar to what Roman described, and they're all related to his role as an associate editor."
2024-08-07 19:00:00,Wednesday,transit,"I'm currently on transit. Here are my plans for the next hour:

* Listen to a podcast about literature while walking.
* Take out notes from an article I read earlier.
* Send a text message to a contact asking for an update.
* Read a chapter from a book in my bag.
* Look at maps of Moscow and plan a future weekend outing.
* Respond to some work-related emails on my phone.","Based on the context that Roman practices introspection, we can infer that he reflects on his thoughts, feelings, and experiences.

However, to find an activity similar to the one mentioned in the question (making phone calls, reviewing articles, etc.), let's look for a relevant memory from the context. 

Upon re-reading the context, I noticed that Roman built a network of contacts while being involved in the student newspaper at Vedomosti. This suggests that he is engaged in activities related to networking and possibly communication.

Therefore, an activity similar to ""Here's my plan for the next hour..."" that agent could do might be:

* Make a phone call to a contact or journalist in the industry.
* Discuss potential article ideas with colleagues or contacts.
* Follow up on previous conversations or meetings with industry professionals."
2024-08-07 20:00:00,Wednesday,recreation,"For the next hour, I plan to:

* Read a chapter from a book
* Listen to music on my phone
* Plan a future weekend outing using maps of Moscow
* Send a text message to a friend","Based on the context, the most salient and relevant memory is:

""He works in Moscow.""

This suggests that the agent may be engaged in activities related to their job or daily routine in Moscow.

Considering this context, a possible activity similar to the one described in the question could be:

* Review notes from an article about economics while commuting
* Send a message to a colleague asking for feedback on a project
* Plan a meeting with clients using maps of Moscow

This activity is relevant because it reflects the agent's work-related tasks and daily routine in Moscow."
2024-08-07 21:00:00,Wednesday,recreation,"For the next hour, I plan to:

* Take a short walk outside
* Do some quick journaling on my phone
* Listen to a podcast from a favorite comedian","Based on the context that the agent ""practices introspection"", we can infer that the agent is likely someone who values self-reflection and contemplation.

Given this, an activity similar to what's listed (reading a chapter from a book, listening to music on my phone) would be:

* Journaling or writing down thoughts and reflections"
2024-08-07 22:00:00,Wednesday,sleep,Sleeping,
2024-08-07 23:00:00,Wednesday,sleep,Sleeping,
2024-08-08 00:00:00,Thursday,sleep,Sleeping,
2024-08-08 01:00:00,Thursday,sleep,Sleeping,
2024-08-08 02:00:00,Thursday,sleep,Sleeping,
2024-08-08 03:00:00,Thursday,sleep,Sleeping,
2024-08-08 04:00:00,Thursday,sleep,Sleeping,
2024-08-08 05:00:00,Thursday,sleep,Sleeping,
2024-08-08 06:00:00,Thursday,sleep,Sleeping,
2024-08-08 07:00:00,Thursday,sleep,Sleeping,
2024-08-08 08:00:00,Thursday,recreation,"Here are my plans for the next hour:

* Get a cup of coffee
* Take a short walk outside (around the building)
* Do some light stretching and yoga to get moving
* Check emails on my phone (quickly respond to any urgent messages)
* Open the window in my apartment to let in some fresh air","A simple but great question!

Given that the person practices introspection, I'll assume they have a reflective nature. Considering their job and location (Moscow), it's likely they're accustomed to a fast-paced environment.

Considering their mother is also a journalist, this might indicate a value on knowledge-seeking and possibly an early riser. 

Taking these details into account, one activity that comes to mind for morning practice is probably some form of reflection or journaling - perhaps writing down thoughts, goals, or insights from the previous day."
2024-08-08 09:00:00,Thursday,transit,"Here are my plans for the next hour:

* Listen to music on my phone
* Practice a new language phrase I've been wanting to learn
* Scroll through social media (briefly)
* Organize my notebook and pens for tomorrow's work
* Take a short break from transit and meditate","Based on Roman's context, a relevant memory to find an activity similar to the one described would be:

 Roman going for a short walk outside during his morning routine.

This is because it matches one of the activities listed in the original description (""Take a short walk outside (around the building)"") and considering Roman's personal life."
2024-08-08 10:00:00,Thursday,professional,"For the next hour, I plan to:

* Review articles for tomorrow's work
* Make phone calls to sources for a story
* Update my notebook with task lists and reminders
* Take a short break from transit and listen to music on my phone","Based on the context provided, a most salient and relevant memory from 'context' to answer the question would be:

""Practice a new language phrase I've been wanting to learn""

This activity is similar to ""Developed a passion for language"", indicating that the agent enjoys learning and practicing languages. Therefore, an activity similar to this could be:

* Reading a book or article on a topic they're interested in
* Writing a short story or poem
* Taking an online course or tutorial on a subject they want to learn more about

These activities align with the agent's passion for language and desire to learn new things."
2024-08-08 11:00:00,Thursday,professional,"* Update my notebook with task lists and reminders
* Review old notes from a past story for potential new leads
* Organize and categorize research materials for an upcoming project","Based on the context that Roman ""Practices introspection"", I would infer that he is likely a reflective person who enjoys reviewing his thoughts and experiences.

Given this, a relevant memory from the context is:

* Roman built a network of contacts in the industry while being involved in the student newspaper.

This memory suggests that Roman has experience with research and gathering information (e.g., making phone calls to sources for a story). Therefore, an activity similar to what Roman can do is:
Review articles for tomorrow's work
Make phone calls to sources for a story"
2024-08-08 12:00:00,Thursday,professional,"For the next hour, I plan to:

1. Make phone calls to industry contacts to confirm interview arrangements.
2. Take a short break (transit) to grab lunch from the cafeteria downstairs.
3. Review and respond to pending emails regarding an upcoming project deadline.
4. Organize research materials by categorizing them into digital folders.","Based on the context, I would say that Roman is likely to have skills in organizing and managing information. The most salient and relevant memory from ""context"" to answer this question is:

""Roman built a network of contacts in the industry while being involved in the student newspaper.""

This suggests that Roman has experience in managing and keeping track of information, which would be similar to updating a notebook with task lists and reminders, reviewing old notes for new leads, or organizing research materials."
2024-08-08 13:00:00,Thursday,professional,"I plan to:

1. Review project deadlines and update my task list.
2. Take a short break (transit) to grab lunch from the cafeteria downstairs.
3. Organize research materials by categorizing them into physical folders.
4. Research potential interview subjects for an upcoming article.","Based on the context, the most salient and relevant memory is that Roman ""built a network of contacts in the industry while being involved in the student newspaper"".

This implies that Roman was proactive in establishing relationships with people in his field, which suggests that he would be able to make phone calls to industry contacts (option 1) to confirm interview arrangements.

Therefore, the most likely activity that Roman can do is: ""Make phone calls to industry contacts to confirm interview arrangements."""
2024-08-08 14:00:00,Thursday,professional,"I plan to:

1. Call a potential interview subject for an upcoming article.
2. Organize physical research materials by creating digital copies.
3. Review project deadlines and update my task list again (to ensure consistency).
4. Take a short break (transit) to grab coffee from the cafeteria downstairs.

(All activities will take place at the same location, only transit will involve movement.)","Based on the context, it seems that Roman is involved in editing or writing for a newspaper/student publication.

From this, we can infer that Roman engages in activities related to research, organization, and planning. Given his job title as associate editor, it's likely that he also spends time reviewing project deadlines and updating task lists.

The most salient and relevant memory from the context to answer the question is: ""Roman got a job as an associate editor.""

This suggests that Roman has experience with tasks such as:

* Reviewing project deadlines (activity 1)
* Organizing research materials (activity 3)

While the other activities may not be directly related to his role, it's likely that Roman also engages in them as part of his work."
2024-08-08 15:00:00,Thursday,professional,"My plan for the next hour is: Call a potential interview subject. 

(While I'm in transit, grab coffee from the cafeteria downstairs.)","Based on the context, the most salient and relevant memory is that Roman built a network of contacts in the industry while being involved in the student newspaper. 

Given this information, activities similar to what Roman might have done in his past experience would include tasks such as:

- Calling potential interview subjects
- Organizing research materials (in this case, possibly for articles he was writing)

Considering these possibilities and looking through the options provided:
1. Call a potential interview subject for an upcoming article - This activity is directly related to what Roman might have done.
 
Therefore, the answer would be: 

1. Call a potential interview subject for an upcoming article."
2024-08-08 16:00:00,Thursday,professional,"For the next hour, I plan to:

* Review and edit an article draft
* Respond to a research inquiry via email
* Make phone calls to gather additional information for an upcoming story","Based on the context, the most relevant memory is Roman's experience as an associate editor at Vedomosti.

From this context, we can infer that Roman was involved in activities related to journalism and editing, which might include:

* Conducting interviews (as hinted by ""Call a potential interview subject"")
* Writing or editing articles
* Researching and fact-checking information

Given these activities, here are some similar actions that Roman could do:

* Write or edit an article about a current event or industry trend.
* Conduct research on a topic related to the job at Vedomosti.
* Interview someone for an article or story."
2024-08-08 17:00:00,Thursday,professional,"I plan to:

* Review a marketing report
* Browse online resources for industry trends
* Conduct phone interviews with colleagues","Based on the context, Roman's experience as an associate editor suggests that he is skilled in reviewing and editing written content. Therefore, similar activities that Roman can do include:

* Reviewing and editing a document
* Researching a topic via email or online resources
* Gathering information through phone calls or interviews"
2024-08-08 18:00:00,Thursday,transit,"I plan to:

* Listen to a podcast on a random topic
* Make a phone call to catch up with an old friend
* Take out my guitar and play some chords for 15 minutes
* Continue reviewing the marketing report I started before (but for only 10-15 minutes)
* Grab a snack from the vending machine","Based on the context provided, it seems that Roman has experience in reviewing and researching information as an associate editor. Therefore, similar activities that he can do are:

* Review a marketing report (he already reviews reports as part of his job)
* Browse online resources for industry trends (researching is likely part of his role as an associate editor)

These activities align with the ones mentioned in the question and leverage Roman's experience and skills."
2024-08-08 19:00:00,Thursday,social,"I plan to:

* Go for a short walk around the block (5 minutes)
* Listen to someone else's conversation in the nearby coffee shop without joining in
* Call my wife Anna to catch up on her day
* Take out my guitar and play some chords for 10-15 minutes","Based on the context, the most salient and relevant memory is that Roman listens to others often. This suggests that Roman values listening and communication.

With this in mind, an activity similar to the ones listed would be:

* Attend a meeting or listen to a conversation between others (e.g., eavesdrop, but in a non-disruptive way)"
2024-08-08 20:00:00,Thursday,social,"Here are my plans for the next hour:

* Go for a short walk around the block (5 minutes)
* Grab a snack from the kitchen
* Call a friend to catch up on their day
* Practice some simple stretches at home","Based on the context, a relevant memory from Roman's life that might be salient to answering the question is:

* ""I find it difficult to open up to others about his feelings""

This suggests that Roman values introspection and self-awareness, but may struggle with sharing his thoughts or emotions with others. Considering this, activities similar to the ones mentioned in the question that Roman can do might involve:

* Taking a short walk around the block (5 minutes) alone to clear his mind
* Listening to someone else's conversation in the nearby coffee shop without joining in, possibly to observe human behavior and gain insight into himself or others
* Playing some chords on his guitar for 10-15 minutes, potentially as a way to express himself creatively and explore his emotions through music.

These activities would allow Roman to engage in introspection and self-awareness without feeling overwhelmed by sharing his feelings with others."
2024-08-08 21:00:00,Thursday,social,"Here are my plans for the next hour:

* Get some fresh air by going outside (5 minutes)
* Listen to music at home
* Do a quick meditation session
* Quickly check and respond to a few messages on social media
* Take a short break from screens by reading a book
* Have a cup of coffee","Based on the context, it seems that Roman values introspection and has a strong sense of self-awareness. Given this information, an activity similar to the one described could be:

* Reflecting on his day/week/month by writing in a journal or meditating for a few minutes.

This activity is similar because it involves taking a moment to reflect on one's life and mental state, which aligns with Roman's tendency to practice introspection and self-awareness."
2024-08-08 22:00:00,Thursday,recreation,"For the next hour, I plan to:

* Go for a short walk outside (transit)
* Have a cup of tea at home
* Practice some yoga at home
* Quickly check and respond to a few messages on social media
* Watch a funny video on YouTube
* Take out my guitar and play a few songs","A very specific question!

To find the most salient and relevant memory from 'context' to answer it, let's see if any activities are mentioned that Roman might enjoy or find calming.

From the context, we know that Roman practices introspection and has a strong sense of self-awareness. This suggests that he values activities that promote relaxation and mental clarity.

The specific activity in question is ""Quickly check and respond to a few messages on social media"" which might not be directly related to relaxation or introspection.

However, looking at the context again, I see that Roman struggles with anxiety. Given this information, it's likely that he would prefer activities that are calming and soothing.

With this in mind, the most salient and relevant memory from 'context' is actually a hint towards activities that might be calming for Roman.

A more accurate answer might involve suggesting activities similar to ""Get some fresh air by going outside"" or ""Do a quick meditation session"", which would promote relaxation and calmness."
2024-08-08 23:00:00,Thursday,recreation,"For the next hour, I plan to:

* Practice some meditation at home
* Listen to a podcast about language on my phone
* Take out my guitar and play a few songs
* Quickly sketch some ideas for a writing project at home","A nice question!

Based on the context, I'd like to point out that Roman has a personal life (which implies he values relaxation and self-care), developed a passion for language, practices introspection, and has strong sense of self-awareness.

Considering this, a relevant activity similar to the ones listed might be:

* Meditate or practice mindfulness at home (similar to yoga)
* Read a book or listen to a podcast about language or personal development (aligned with his passion for language and self-awareness)

So, here's an answer that aligns with Roman's context:
""Agent can practice some meditation or mindfully read a book about personal growth."""
2024-08-09 00:00:00,Friday,sleep,Sleeping,
2024-08-09 01:00:00,Friday,sleep,Sleeping,
2024-08-09 02:00:00,Friday,sleep,Sleeping,
2024-08-09 03:00:00,Friday,sleep,Sleeping,
2024-08-09 04:00:00,Friday,sleep,Sleeping,
2024-08-09 05:00:00,Friday,sleep,Sleeping,
2024-08-09 06:00:00,Friday,sleep,Sleeping,
2024-08-09 07:00:00,Friday,sleep,Sleeping,
2024-08-09 08:00:00,Friday,recreation,"For the next hour, I plan:

* To meditate for a short time (20-30 minutes) to clear my head
* To have a cup of coffee and a small snack
* To check personal news feed on social media for 10-15 minutes
* Then, I will take a brief walk around the apartment","Based on the given context, it seems that there's no direct information about morning activities. However, since the person practices introspection, we might infer some possible morning activities they could engage in, although not explicitly stated.

Since they practice introspection, one of their morning activities might be reflecting or meditating to start their day."
2024-08-09 09:00:00,Friday,recreation,"I plan:

* Reading a book for 20 minutes
* Doing some light stretching exercises to loosen up my muscles
* Checking out a new hobby online (e.g. photography tutorials)
* Maybe writing a short poem or two
* Taking a break and having a glass of water","Based on the context provided, it seems that Roman practices introspection and has a strong sense of self-awareness. Given this information, an activity similar to what Roman might enjoy doing is:

* Reflecting on his thoughts and emotions (similar to meditating)

This activity would allow Roman to engage in introspection, which is already a part of his routine. It's also relevant to his anxiety struggles as it could help him process and manage his emotions.

Other activities that might be similar include:

* Journaling or writing about his personal life
* Practicing yoga or deep breathing exercises
* Engaging in a hobby that allows him to express himself creatively

These activities would allow Roman to focus on his inner self, which is already an important aspect of his routine."
2024-08-09 10:00:00,Friday,transit,"* Learning a new language online
* Taking short breaks to stretch and move around
* Writing a short poem or two
* Checking out a new hobby online (e.g. photography basics)","Based on the context, a relevant memory that comes to mind is:

""... Developed a passion for literature""

This memory suggests that Roman enjoys engaging with written content, which could imply an interest in activities such as reading, writing, or even learning new skills through online tutorials.

A similar activity to ""I plan: Reading a book for 20 minutes"" could be:

* Writing a short story or poem
* Learning a new language or skill online (e.g. photography tutorials)

Therefore, based on this memory, Roman could also enjoy activities such as writing, learning a new language or skill, and engaging with literary content."
2024-08-09 11:00:00,Friday,professional,"I plan to:

* Review work-related documents for a meeting next week
* Make a phone call to discuss an article idea with a colleague
* Take a short online course on digital media for about 30 minutes
* Use the remaining time to make a to-do list for the weekend.","Based on the context provided, it seems that Roman enjoys activities related to personal development, creativity, and introspection.

From this context, a relevant memory that stands out is:

""Practices introspection""

This suggests that Roman values self-reflection and mental exercises. Given this, some activities similar to what agent can do might include:

* Meditating or practicing mindfulness
* Journaling or writing about personal experiences
* Exploring philosophical concepts online (e.g., learning about Stoicism)
* Engaging in creative pursuits that promote introspection (e.g., sketching or drawing)

These activities align with Roman's interests and values, as mentioned in the context."
2024-08-09 12:00:00,Friday,professional,"I plan to:

* Review a report on newspaper sales for next week's meeting
* Make a phone call to discuss article ideas with my colleague
* Take a short online course on digital media writing","Based on the context that Roman practices introspection and is involved in the student newspaper, it's likely that he will engage in activities related to planning, organization, and personal development.

A most salient and relevant memory from this context would be taking a short online course on digital media for about 30 minutes. This activity aligns with Roman's professional interests (being an associate editor) and his personal trait of introspection.

Therefore, similar activities that Roman can do are likely to involve:

* Planning or reviewing work-related documents
* Developing new skills or knowledge through courses or training sessions
* Reflecting on his performance or goals through introspection exercises"
2024-08-09 13:00:00,Friday,professional,"For the next hour, I plan to:

* Review a report on industry-related sales for next week's meeting.
* Take a short break to have lunch and transit to another department.
* Make a phone call to discuss article ideas with my colleague.","Based on the context, a relevant memory that would help answer the question is:

* Roman honed his writing skills through being involved in the student newspaper.

This memory suggests that Roman has experience with writing and working on a newspaper, which is similar to the activities mentioned in the question (reviewing reports, making phone calls, taking online courses). Therefore, based on this context, agent can also do:

* Review a report on [industry-related] sales for next week's meeting
* Make a phone call to discuss article ideas with my colleague
* Take a short online course on digital media writing"
2024-08-09 14:00:00,Friday,professional,"I plan to:

* Discuss article ideas with a colleague over email.
* Review industry-related articles for next week's meeting.
* Work on writing an opinion piece about recent market trends.","The most salient and relevant memory from the context is that Roman built a network of contacts in the industry, which suggests he has connections and may receive industry-related reports or updates.

Considering this, similar activities that Roman (or someone like him) might do include:

* Reviewing a report on industry-related sales for next week's meeting.
* Discussing article ideas with colleagues over the phone.

So, the answer would be: Review a report on industry-related sales."
2024-08-09 15:00:00,Friday,professional,"For the next hour:

* Attend an online meeting with colleagues
* Read and comment on a draft article
* Look for industry news to share at the next week's meeting","Based on the context, Roman's experience as associate editor and his involvement in the student newspaper suggests that he is familiar with tasks such as discussing article ideas, reviewing industry-related articles, and working on writing pieces.

Therefore, activities similar to ""I plan to:

* Discuss article ideas with a colleague over email.
* Review industry-related articles for next week's meeting.
* Work on writing an opinion piece about recent market trends.""

are likely tasks that Roman can do as well."
2024-08-09 16:00:00,Friday,professional,"Here's a plan for the next hour:

* Attend an internal meeting with colleagues at work
* Review drafts of news articles from other journalists
* Quickly scan industry news on my computer","Based on the context that Roman built a network of contacts in the industry while being involved in the student newspaper, and considering the question about activities similar to attending an online meeting, reading and commenting on a draft article, and looking for industry news, I would say:

Roman can attend an internal meeting with colleagues (similar to ""Attend an online meeting with colleagues"") and possibly read and comment on drafts or news articles related to his work as an associate editor (similar to ""Read and comment on a draft article"")."
2024-08-09 17:00:00,Friday,professional,"I plan to:

* Call a colleague to discuss an article draft
* Take a short break and grab a snack from my desk
* Work on researching and writing a news article for the upcoming weekend edition","Based on the context that Roman built a network of contacts in the industry while being involved in the student newspaper, and considering he got a job as an associate editor at Vedomosti, the most salient and relevant memory from 'context' to answer the question is:

* Being involved in the student newspaper.

This activity suggests that Roman was likely involved in writing articles, editing content, and collaborating with colleagues. This experience would have provided him with similar skills and activities as those described in the plan, such as attending internal meetings, reviewing drafts of news articles, and staying up-to-date on industry news. Therefore, a relevant activity for agent to do could be:

* Writing or editing content for a publication, such as writing an article or reviewing a draft from another writer."
2024-08-09 18:00:00,Friday,professional,"For the next hour:

* Work on writing a news article (different from the one I was previously working on)
* Take a short break to stretch and refresh my mind
* Check and respond to any important work-related emails or messages
* Look over some articles published by other media outlets for inspiration and research ideas","Based on the context that Roman built a network of contacts in the industry while being involved in the student newspaper, and his job title is associate editor, the most salient and relevant memory from 'context' to answer the question would be:

* Call a colleague to discuss an article draft

This activity is similar to what Roman likely does as an associate editor."
2024-08-09 19:00:00,Friday,transit,"I plan to:

* Listen to a podcast related to journalism or media production
* Browse through an online news aggregator to stay informed about current events
* Take a short walk outside to get some fresh air and stretch my legs.","Based on the context, I will find the most salient and relevant memory from ""context"" to answer the question.

From the context, we know that Roman:

* Practiced introspection (but this doesn't seem directly related to writing or journalism)
* Honed his writing skills through being involved in the student newspaper
* Built a network of contacts in the industry while being involved in the student newspaper
* Got a job as an associate editor

The most relevant memory for answering the question is that Roman:

""Built a network of contacts in the industry while being involved in the student newspaper.""

This suggests that Roman has experience with journalistic activities, such as working on articles, networking, and staying informed about the industry.

Given this context, similar activities that Roman can do are likely related to writing, journalism, or media production. Some possible activities include:

* Writing a news article (different from the one he was previously working on)
* Researching ideas for future articles by looking over published articles
* Networking with contacts in the industry to stay informed and generate new ideas

These activities align with Roman's experience as an associate editor, student newspaper involvement, and networking skills."
2024-08-09 20:00:00,Friday,social,"I'm going to:

* Meet a friend for coffee at a café near my residence (20:15)
* Discuss recent news with them over coffee
* Take a 10-minute walk around the block after meeting my friend to get some fresh air","Based on the context, the most relevant memory is ""Roman honed his writing skills through being involved in the student newspaper.""

Given this memory, we can infer that Roman likely enjoys activities related to journalism or media production. Therefore, a similar activity that agent could do is:

* Writing an article or blog post related to current events or industry news."
2024-08-09 21:00:00,Friday,social,"I will:

* Spend 30 minutes browsing a bookshop near my residence.
* Listen to music at home for 20 minutes.
* Have a snack break.","Based on the context, I would say that Roman's most salient and relevant memory is not directly related to his activities, but rather to his introspective nature.

Given Roman's strong sense of self-awareness and tendency to practice introspection, a relevant memory for him might be:

* ""I'm going to take some time for myself after my friend leaves, maybe spend 10-15 minutes reflecting on our conversation and how it made me feel.""

This memory is similar in nature to the activities listed (meeting a friend, discussing news, taking a walk), but with an added introspective twist that's characteristic of Roman."
2024-08-09 22:00:00,Friday,sleep,Sleeping,
2024-08-09 23:00:00,Friday,sleep,Sleeping,
2024-08-10 00:00:00,Saturday,sleep,Sleeping,
2024-08-10 01:00:00,Saturday,sleep,Sleeping,
2024-08-10 02:00:00,Saturday,sleep,Sleeping,
2024-08-10 03:00:00,Saturday,sleep,Sleeping,
2024-08-10 04:00:00,Saturday,sleep,Sleeping,
2024-08-10 05:00:00,Saturday,sleep,Sleeping,
2024-08-10 06:00:00,Saturday,sleep,Sleeping,
2024-08-10 07:00:00,Saturday,sleep,Sleeping,
2024-08-10 08:00:00,Saturday,social,"I plan to:

* Get dressed
* Have breakfast
* Practice introspection (10 minutes)
* Call my wife Anna to catch up with her
* Spend time with my 4-year-old son Maxim","Based on the given context, I would say that one relevant activity that can be done in the morning is ""Practicing introspection"".

This makes sense because introspection is often associated with quiet and reflective times of the day, such as early mornings. It's a chance to take a moment for self-reflection, thinking about goals, thoughts, and emotions before starting the day.

Therefore, one possible answer would be: ""Practice introspection"""
2024-08-10 09:00:00,Saturday,social,"I plan to:

* Take a short walk around the neighborhood
* Meet a friend for coffee nearby","Based on the context, a relevant memory from Roman's daily life would be:

""Yesterday, I woke up early and spent some quality time practicing introspection before getting dressed. It helped me feel more centered and aware of my thoughts and emotions throughout the day.""

This memory highlights Roman's practice of introspection as an integral part of his daily routine, which is relevant to the question about activities he might enjoy doing."
2024-08-10 10:00:00,Saturday,social,"* Meet a friend for coffee nearby 
* Take a short break after coffee to journal my thoughts
* Go for a solo walk around the neighborhood","Based on the context that Roman practices introspection and has strong self-awareness, I would say that he likely enjoys activities that allow him to reflect on his thoughts and feelings.

A memory from this context that is most relevant to answering the question might be:

""Roman took a moment to himself to sit in the park after meeting his friend for coffee. As he watched people walk by, he closed his eyes and reflected on their conversations and interactions. He realized how much he valued these connections with others and how it helped him feel more grounded in his own life.""

This memory suggests that Roman might enjoy activities like:

* Taking a solo walk to clear his mind
* Meeting friends for coffee or casual conversations
* Engaging in introspective practices, such as meditation or journaling"
2024-08-10 11:00:00,Saturday,social,"My plan for the next hour is:

* Meet a friend at a nearby cafe (change of location)
* Take a short break to journal my thoughts (stay at the cafe)
* Go for a solo walk around the neighborhood (return to original location)","Based on the context, I would infer that Agent values introspection and self-awareness. Considering this, a relevant activity similar to ""Meet a friend for coffee nearby / Take a short break after coffee to journal my thoughts / Go for a solo walk around the neighborhood"" could be:

* Sit in silence at a local park or quiet spot, reflecting on one's thoughts and emotions without external distractions.

This activity aligns with Agent's tendency towards introspection, self-awareness, and difficulty opening up to others about his feelings. It also involves journaling or reflection, which are hinted at in the original activities listed."
2024-08-10 12:00:00,Saturday,recreation,"* Play a board game at home
* Practice drawing sketches of cityscapes
* Listen to music and read a book (stay at home)","Based on the context, it seems that Roman is a reflective and self-aware person. The most relevant memory from this context would be his practice of introspection, specifically journaling his thoughts.

A similar activity that Roman could do is:

* Take a short break to reflect on his experiences at Vedomosti (stay at the office)
* Go for a solo walk around the city to clear his mind (return to original location)"
2024-08-10 13:00:00,Saturday,recreation,"I will write a short story for 30 minutes. Then, I will take a 10-minute break. After that, I will engage in self-reflection through journaling for another 20 minutes.","Based on the context provided, it seems that Roman enjoys intellectual or creative pursuits. He practices introspection, which suggests he may enjoy activities that promote self-reflection.

Given this information, here are some possible activities similar to ""* Play a board game at home
* Practice drawing sketches of cityscapes
* Listen to music and read a book (stay at home)"" that Roman could engage in:

1. Write a short story or poetry: This activity leverages his passion for literature.
2. Engage in self-reflection through journaling: His practice of introspection suggests he might appreciate this type of personal exploration.
3. Learn a new language: As he has developed a passion for languages, learning a new one could be an engaging intellectual pursuit.

These activities seem to align with Roman's interests and preferences as outlined in the context."
2024-08-10 14:00:00,Saturday,recreation,"For the next hour, I plan to:

1. Walk around the block (14:00-14:15)
2. Listen to music on my phone (14:15-14:25)
3. Practice yoga at home (14:25-14:40)","A relevant memory from the context is Roman's habit of practicing introspection (mentioned as ""self-reflection"" in the context).

Based on this, a suitable activity that Agent could do would be: 

- Practice self-reflection through journaling."
2024-08-10 15:00:00,Saturday,recreation,"For the next hour, I plan to:

1. Listen to music on my phone (15:00-15:10)
2. Do some light stretching at home (15:10-15:20)
3. Practice deep breathing exercises (15:20-15:30)","Based on the context, a relevant and salient memory that could be related to the question is:

""Roman struggles with anxiety.""

Considering this information, an activity similar to what Roman has planned for himself in the given scenario (relaxing and calming his mind) would be:

* Deep breathing exercises or meditation 

These activities are designed to help calm the mind and reduce stress and anxiety, which are common symptoms associated with anxiety."
2024-08-10 16:00:00,Saturday,recreation,"I plan to:

1. Read a book
2. Take a short walk around the block
3. Play with my child (Maxim) 

I'll be at home for all of these activities.","Based on the context, a relevant memory that comes to mind is Roman's strong sense of self-awareness and personal life.

A salient memory from this context would be Roman doing some light stretching at home (option 2). This activity is similar in nature because it involves personal time for Roman, where he can focus on his own well-being and relaxation, much like the deep breathing exercises mentioned."
2024-08-10 17:00:00,Saturday,recreation,"For the next hour:

1. Take a short walk around the block
2. Play a board game with my child (Maxim)
3. Listen to music","Based on the context provided, I would infer that Roman enjoys quiet and personal time, such as reading or taking a short walk, and also values spending quality time with his family.

Considering this, similar activities to ""I plan to:

1. Read a book
2. Take a short walk around the block
3. Play with my child (Maxim) 

I'll be at home for all of these activities.""

That agent can do include:

- Developing a personal interest in literature.
- Practicing introspection, which could mean taking a quiet moment to think or reflect, like Roman does.

However, based on the provided context and question, a more fitting answer would be that the agent can:

- Take time for reading
- Practice introspection"
2024-08-10 18:00:00,Saturday,sleep,Sleeping,
2024-08-10 19:00:00,Saturday,sleep,Sleeping,
2024-08-10 20:00:00,Saturday,sleep,Sleeping,
2024-08-10 21:00:00,Saturday,sleep,Sleeping,
2024-08-10 22:00:00,Saturday,sleep,Sleeping,
2024-08-10 23:00:00,Saturday,sleep,Sleeping,
2024-08-11 00:00:00,Sunday,sleep,Sleeping,
2024-08-11 01:00:00,Sunday,sleep,Sleeping,
2024-08-11 02:00:00,Sunday,sleep,Sleeping,
2024-08-11 03:00:00,Sunday,sleep,Sleeping,
2024-08-11 04:00:00,Sunday,sleep,Sleeping,
2024-08-11 05:00:00,Sunday,sleep,Sleeping,
2024-08-11 06:00:00,Sunday,sleep,Sleeping,
2024-08-11 07:00:00,Sunday,sleep,Sleeping,
2024-08-11 08:00:00,Sunday,social,"I will spend the next hour:

* Taking a short walk around the neighborhood (no transit required)
* Meeting a friend for coffee at a nearby café (transit to the café required)
* Writing in my personal log/journal (at home)","Based on the given context, I would say that one salient and relevant memory from ""context"" to answer the question is:

**Reflecting or journaling as a morning routine**

Given that the person practices introspection (which involves reflecting on their thoughts, feelings, and experiences), it's likely that they enjoy engaging in reflective activities in the morning. This could include writing in a journal, meditating, or simply taking time to think about their goals and priorities for the day.

Therefore, an answer to the question ""What activities can you do in the morning?"" might be:

* Journaling or writing in a personal log
* Meditating or practicing mindfulness
* Reflecting on goals and priorities for the day"
2024-08-11 09:00:00,Sunday,social,"Here are my plans for the next hour:

* Meet a friend for coffee at a nearby café (transit to the café required)
* Take some time to reflect on my experiences and thoughts by writing in my own journal (at home)","The most relevant memory from the context is ""Roman built a network of contacts in the industry while being involved in the student newspaper.""

Based on this, one activity that Roman might enjoy doing is writing in his personal log/journal. This is because he has experience with writing for a publication (the student newspaper) and has likely developed a habit of reflection and introspection.

Therefore, an activity similar to writing in his personal log/journal would be: * Taking some time to reflect on my experiences and thoughts by writing in my own journal (at home)."
2024-08-11 10:00:00,Sunday,social,"Here's my plan for the next hour:

* Go for a short walk around the neighborhood (transit: get dressed, grab a water bottle)
* Visit an online language course platform to learn some new vocabulary (at home)
* Listen to music and play with my son during his afternoon nap (at home)","Based on the context, the most salient and relevant memory that helps answer the question is:

* ""Finds it difficult to open up to others about his feelings""

This information implies that Roman may prefer or need activities where he can reflect on his own thoughts and experiences without needing to share them with others. With this in mind, a possible activity similar to the one described could be:

""Take some time to reflect on my experiences and thoughts by writing in my own journal (at home)""

This activity aligns with Roman's tendency for introspection and difficulty opening up about his feelings, suggesting that he might enjoy private reflection activities."
2024-08-11 11:00:00,Sunday,social,"Transit: Get dressed, grab a water bottle.

At home:
* Practice a musical instrument (guitar)
* Take a short break to check on my son during his afternoon nap
* Continue working on a crossword puzzle I started earlier","Based on the given context, I've found a relevant memory that fits the question. However, since there are no specific memories mentioned in the context, I'll create a plausible scenario based on Roman's characteristics.


Given Roman's introspection and self-awareness habits, it is likely that he values activities that promote personal growth, relaxation, or bonding with his loved ones.


A possible activity similar to the one described could be:


""Here's my plan for tonight:

* Take some time to journal (to practice introspection)
* Meet a friend at a local park for a walk and conversation (similar to visiting the online language course platform)""
 

This activity aligns with Roman's characteristics of being self-aware, having a passion for language, and valuing personal growth."
2024-08-11 12:00:00,Sunday,social,"I plan to:

* Take a short break from work on my crossword puzzle
* Practice a different musical instrument (violin)
* Call my family to catch up with my wife and son during his waking hours.","Based on the context provided, there is no direct information about Roman's daily activities similar to ""Transit: Get dressed, grab a water bottle."" The context mentions that Roman has a personal life, developed a passion for language, and worked at Vedomosti. However, it does not describe his typical day or activities.

To provide an answer based on the question, I would have to infer that Roman likely engages in some form of self-reflection or introspection similar to ""Transit: Get dressed, grab a water bottle,"" which is mentioned earlier in the context. 

One possible activity that Roman might do at home, assuming he practices introspection, could be:

* Reflecting on his thoughts and emotions by journaling or meditating.

This answer is based on the information provided about Roman's practice of introspection, and it attempts to draw a connection between that aspect of his life and the question."
2024-08-11 13:00:00,Sunday,social,"Play a board game with family at home.
(Next hour)","A very interesting context!

Considering Roman's personal life, strong bond with family, and passion for language, I would say the most salient and relevant memory from this context is:

**Practicing a musical instrument (violin)**

This activity is similar to the ones listed in the question because it involves a creative pursuit that allows Roman to relax and express himself. Just like taking a short break with a crossword puzzle or calling family to catch up, practicing a musical instrument can be a enjoyable and calming experience for Roman.

Therefore, activities similar to these include:

* Playing a board game (e.g., chess)
* Learning a new language or skill (e.g., photography)
* Engaging in a hobby or creative pursuit (e.g., painting)

These activities allow Roman to unwind, express himself creatively, and nurture his passion for language."
2024-08-11 14:00:00,Sunday,social,"I'm planning to:
* Take a short break from playing board games with family at home.
* Go for a walk around the block with my son Maxim.","Based on the context that Roman builds strong bonds with his family and practices introspection, I would say that the most relevant memory is:

""Roman plays chess or card games with his father""

This activity allows Roman to spend quality time with his father (a journalist), which aligns with building strong family bonds. Additionally, playing a strategic game like chess can also promote introspection and critical thinking.

Therefore, activities similar to ""Play a board game with family at home"" that the agent (Roman) can do are:

* Play chess or card games with his father
* Engage in other indoor board games with his family
* Participate in a family puzzle night"
2024-08-11 15:00:00,Sunday,recreation,"I plan to:

* Listen to music for 30 minutes.
* Take a short walk around the yard with my son Maxim.","Based on the context that Roman practices introspection and has a personal life, builds strong bonds with family, and his father is a journalist, I would infer that Roman values spending time with loved ones.

The most salient and relevant memory from this context to answer the question is likely:

* ""Take a short break from playing board games with family at home.""

This activity suggests that Roman enjoys spending quality time with his family and taking breaks to relax and recharge. Therefore, other activities similar to this one could include:

* Taking a break from working out or sports with friends
* Stepping away from a project or task to reflect on it
* Spending quiet time alone or meditating
* Having a picnic or spending time outdoors with loved ones"
2024-08-11 16:00:00,Sunday,recreation,"My plans for the next hour:

* Read a book
* Journal and reflect with my son","Given Roman's context, I'd say a relevant memory is that he has a personal life and developed a passion for language. Considering this, an activity similar to listening to music or taking a short walk could be... reading!

So, the answer would be:

* Read a book for 30 minutes.
* Take some time to journal and reflect on my thoughts and experiences with Maxim."
2024-08-11 17:00:00,Sunday,recreation,"For the next hour, I plan to:
* Take a short walk outside (to get some fresh air)
* Then, engage in a self-reflective conversation with my wife (Anna Drozdova) 
* After that, practice drawing (a new hobby I've been wanting to try)","Based on the context, a salient and relevant memory from Roman's background that answers the question is:

Roman has seen his parents (journalists) reflecting and writing about their experiences. This has likely influenced him to practice introspection himself.

Therefore, activities similar to ""Reading a book"" or ""Journaling and reflecting with my son"" that Roman might enjoy include:

* Reflecting on his own experiences
* Writing in a journal
* Reading and analyzing books on personal development
* Engaging in self-reflective conversations with others (perhaps even recording them to reflect later)"
2024-08-11 18:00:00,Sunday,recreation,"For the next hour, I plan to:

* Watch a documentary
* Read a book of poetry
* Take a short break to grab a snack from the kitchen before deciding on what else to do.","Based on the context, the most salient and relevant memory from 'context' to answer the question is Roman's habit of practicing introspection. 

The activities listed in the question are indeed similar to ones that someone who practices introspection would enjoy, such as having a self-reflective conversation with their wife.

So, the answer would be:

""Based on his love for introspection, Roman might engage in activities like:
* Taking a short walk outside (to clear his mind)
* Having a thoughtful conversation with his wife (Anna Drozdova) 
* Reflecting on his experiences or thoughts through drawing (a new hobby that allows him to express himself)"""
2024-08-11 19:00:00,Sunday,recreation,"For the next hour, I plan to:

* Practice a musical instrument (guitar) 
* Make a cup of tea
* Write some poetry by hand","Based on the context, the most salient and relevant memory is that Roman has developed a passion for literature. This suggests that he enjoys reading and exploring different types of writing.

Considering this, the activities similar to ""For the next hour, I plan to..."" that agent can do are:

* Read a book (not just any book, but perhaps one of poetry or even a documentary script?)
* Engage in introspection (perhaps while reflecting on what he's read or watched?)

The other options, watching a documentary and taking a short break to grab a snack, seem less likely based on Roman's interests and habits."
2024-08-11 20:00:00,Sunday,recreation,"I plan to:

* Listen to music (not play an instrument)
* Browse through a bookshelf (reading) 
* Take a short walk around the apartment.","Based on the context, the most relevant memory is that Roman practices introspection. Considering this, an activity similar to writing some poetry by hand would be:

* Keep a journal or write some thoughts/reflections by hand.

This activity is similar in the sense that it involves putting thoughts and ideas down on paper, which is related to introspection and self-reflection."
2024-08-11 21:00:00,Sunday,sleep,Sleeping,
2024-08-11 22:00:00,Sunday,sleep,Sleeping,
2024-08-11 23:00:00,Sunday,sleep,Sleeping,
