,chunk,importance,redundancy
0,"Maria Jones was born on March 14, 2005, in Ontario, Canada. She grew up in a family that valued exploration and adventure, often taking trips to nearby farms where she would learn about horseback riding and develop a passion for it.

As a child, Maria spent most of her free time cycling with her friends through the scenic countryside, creating an early foundation for her love of physical activity. Her parents, though not craft beer enthusiasts themselves, occasionally allowed her to try samples at local breweries, where she discovered her fondness for unique flavors and brews.

Maria attended a small school in her rural community, where she struggled to connect with the more traditional curriculum. Her interests lay elsewhere, and she often found herself lost in conversations about social dynamics or exploring new sports to take part in. It was clear that her natural aptitude for interpersonal relationships would serve her well beyond academic settings.

As Maria transitioned into adulthood, she pursued a non-traditional path, choosing not to attend university. Instead, she embarked on a journey of self-discovery, dedicating herself to personal development and learning through hands-on experiences. Her love for craft beer led her to explore different breweries and eventually find employment in the industry.

Her first job was at a small brewery where she started as an intern and quickly progressed to a position in sales and marketing due to her natural charisma and ability to connect with people from diverse backgrounds. It was during this time that Maria developed strong relationships within the craft beer community, which became a significant part of her social network.

Maria's personal life evolved alongside her career. She maintained long-lasting friendships that spanned different circles of her life, showcasing her inclusive nature and adaptability in various settings. However, when it came to romantic relationships, Maria tended towards stability and emotional security, valuing commitment but also respecting boundaries.

As she matured into her late twenties, Maria's reputation within the craft beer community grew, leading to opportunities for speaking engagements and awards recognition. Her unique blend of interpersonal skills, adaptability, and a deep understanding of people made her a sought-after figure in social circles.",0.49379050731658936,0.41351640224456787
